Направление,Наименование источника,Ссылка,Комментарии,Категория,Тип источника,Страна,Список
1.Маркетинг и реклама,Мерчандайзинг.ру,https://merchandising.ru/news/,"Краткие новостные заметки о конкретных событиях, открытиях магазинов, изменениях в законодательстве (например, классификатор профессий) и локальных рыночных данных",Отраслевой агрегатор новостей и аналитики,Website,Россия,Рекомендованный список
1.Маркетинг и реклама,Ритейл.ру,https://www.retail.ru,"Структурированная информация о рынке: персоналии, события, новости, аналитика",Отраслевой агрегатор новостей и аналитики,Website,Россия,Рекомендованный список
1.Маркетинг и реклама,Ритейлер,https://retailer.ru/news/,"Освещает все аспекты ритейла: от новостей компаний, технологий и e-commerce до законодательства, экономики и интервью с топ-менеджерами. Содержит архив исследований.",Отраслевой агрегатор новостей и аналитики,Website,Россия,Рекомендованный список
1.Маркетинг и реклама,New-retail,https://new-retail.ru/,"Глубокие аналитические статьи, обзоры трендов и прогнозы, особенно в сфере e-commerce, цифровизации и потребительского поведения. ",Отраслевой агрегатор новостей и аналитики,Website,Россия,Рекомендованный список
1.Маркетинг и реклама,Потребительское поведение; факты и тренды,https://t.me/c_behavior,Аналитический канал Дмитрия Фролова о потребительских и маркетинговых трендах.,Отраслевой агрегатор новостей и аналитики,Telegram,Россия,Рекомендованный список
1.Маркетинг и реклама,MEDIA RESEARCHES,https://t.me/mediaresearchesanalytics,"Самые актуальные данные, исследования мира маркетинга и рекламы",Отраслевой агрегатор новостей и аналитики,Telegram,Россия,Рекомендованный список
3.Производство,Гитхаб,GitHub.com,"open-source-проекты на разных языках, полноценная социальная сеть для разработчиков",Каталоги софта/техстеки,Website,Глобал,Рекомендованный список
5.IT/Ventures,Гитхаб,GitHub.com,"open-source-проекты на разных языках, полноценная социальная сеть для разработчиков",Каталоги софта/техстеки,Website,Глобал,Рекомендованный список
3.Производство,Кикстартер,kickstarter.com,Раннее выявление трендов и нишевых инноваций (концепции и прототипы),Каталог стартапов/проектов,Website,Глобал,Рекомендованный список
5.IT/Ventures,Кикстартер,kickstarter.com,Раннее выявление трендов и нишевых инноваций (концепции и прототипы),Каталог стартапов/проектов,Website,Глобал,Рекомендованный список
3.Производство,Хабр,habr.com,"Новости, аналитические статьи, мысли, связанных с информационными технологиями, бизнесом и интернетом.",Отраслевой агрегатор новостей и аналитики,Website,Россия,Рекомендованный список
5.IT/Ventures,Хабр,habr.com,"Новости, аналитические статьи, мысли, связанных с информационными технологиями, бизнесом и интернетом.",Отраслевой агрегатор новостей и аналитики,Website,Россия,Рекомендованный список
3.Производство,Хабр,https://t.me/s/habr_com,"Кейсы, новости",Отраслевой агрегатор новостей и аналитики,Telegram,Россия,Рекомендованный список
5.IT/Ventures,Хабр,https://t.me/s/habr_com,"Кейсы, новости",Отраслевой агрегатор новостей и аналитики,Telegram,Россия,Рекомендованный список
5.IT/Ventures,Product Radar — лучшие стартапы России,https://t.me/productradar_official,Площадка для стартапов productradar.ru,Каталоги софта/техстеки,Telegram,Россия,Рекомендованный список
5.IT/Ventures,Product Hunt,https://www.producthunt.com/,платформы для запуска и поиска новых технологических продуктов,Каталоги софта/техстеки,Website,Глобал,Рекомендованный список
5.IT/Ventures,Y Combinator,https://www.ycombinator.com/companies,"Венчурный фонд, работающий в формате бизнес-инкубатора для небольших компаний в сфере информационных технологий",Каталог стартапов/проектов,Website,Глобал,Рекомендованный список
5.IT/Ventures,TechCrunch,https://techcrunch.com/,"Новости из мира стартапов, инвестиций, мобильных технологий, социальных сетей, облачных вычислений и других сфер информационных технологий.",Отраслевой агрегатор новостей и аналитики,Website,Глобал,Рекомендованный список
5.IT/Ventures,Crunchbase,https://www.crunchbase.com/,"платформа для анализа данных о частных компаниях, стартапах, инвесторах и деятельности по финансированию.",Компании/финансы/реестры,Website,Глобал,Рекомендованный список
5.IT/Ventures,PitchBook,https://pitchbook.com/,Венчур/PE/М&A база и аналитика.,Каталог стартапов/проектов,Website,Глобал,Рекомендованный список
3.Производство,Отраслевой портал MASHNEWS,https://mashnews.ru/,Оперативные новости и эксклюзивы по промышленности,Отраслевой агрегатор новостей и аналитики,Website,Россия,Рекомендованный список
3.Производство,Отраслевой портал MASHNEWS,https://t.me/s/news_engineering,Все новости промышленности в одном месте!,Отраслевой агрегатор новостей и аналитики,Telegram,Россия,Рекомендованный список
2.Работа с персоналом,(не)Типичный HR,https://t.me/not_typical_hr,"Аналитика, кейсы",Отраслевой агрегатор новостей и аналитики,Telegram,Россия,Рекомендованный список
2.Работа с персоналом,HR кухня,https://t.me/hr_kitchen,"События, новости HR",Отраслевой агрегатор новостей и аналитики,Telegram,Россия,Рекомендованный список
2.Работа с персоналом,Shopper’s,https://t.me/newspotreb,Новости потребительского рынка,Отраслевой агрегатор новостей и аналитики,Telegram,Россия,Рекомендованный список
2.Работа с персоналом,Школа массового подбора,https://t.me/HRmassHR,"Канал для HR, кто занимается массовым подбором, постоянно в этом развивается, обучается и делится опытом.",Отраслевой агрегатор новостей и аналитики,Telegram,Россия,Рекомендованный список
2.Работа с персоналом,hh.ru,hh.ru,"новости по рынку труда, статистика",Отраслевой агрегатор новостей и аналитики,Website,СНГ,Рекомендованный список
2.Работа с персоналом,Migrant policy,https://www.migrationpolicy.org/,"Глобальные изменения по миграции, тренды и новости",Отраслевой агрегатор новостей и аналитики,Website,Глобал,Рекомендованный список
4.Финансово-юридические услуги,Консультант+,https://www.consultant.ru/,"Новости и кейсы, изменения в законодательстве",Отраслевой агрегатор новостей и аналитики,Website,Россия,Рекомендованный список
4.Финансово-юридические услуги,"Онлайн-издания («Контур», «Налоговые консультации») ",https://kontur.ru/,"Новости и кейсы, изменения в законодательстве",Отраслевой агрегатор новостей и аналитики,Website,Россия,Рекомендованный список
4.Финансово-юридические услуги,"Профессиональные журналы («Главбух», «Бухгалтерия и банки»)",https://www.glavbukh.ru/,"Новости и кейсы, изменения в законодательстве",Отраслевой агрегатор новостей и аналитики,Website,Россия,Рекомендованный список
4.Финансово-юридические услуги,Бухсофт ,https://www.buhsoft.ru/,"Новости и кейсы, изменения в законодательстве",Отраслевой агрегатор новостей и аналитики,Website,Россия,Рекомендованный список
7.Общие,Экспертосфера,https://t.me/expertosphere,Платформа-агрегатор отраслевой экспертизы и аналитики,Отраслевой агрегатор новостей и аналитики,Telegram,Россия,Рекомендованный список
7.Общие,Business Incognita,https://t.me/businessincognita,Агрегатор обзоров на рынки и мировые тренды,Отраслевой агрегатор новостей и аналитики,Telegram,Глобал,Рекомендованный список
7.Общие,Insider Info,https://t.me/insider_infor,"Агрегатор обзоров на рынки, аналитика",Отраслевой агрегатор новостей и аналитики,Telegram,Глобал,Рекомендованный список
7.Общие,Банкста,https://t.me/banksta,Крупный телеграм-канал с новосятм о политике и экономике,Отраслевой агрегатор новостей и аналитики,Telegram,Россия,Рекомендованный список
7.Общие,HR кухня,https://t.me/hr_kitchen,"События, новости HR",Отраслевой агрегатор новостей и аналитики,Telegram,Россия,Рекомендованный список
7.Общие,International Monetary Fund,https://www.imf.org/en/publications/weo,"Международные обзоры, статистика по странам, новости по глобальным проектам",Макроэкономические и демографические данные,Website,Глобал,Рекомендованный список
7.Общие,РБК тренды,https://trends.rbc.ru/trends/tag/startups,"Тренды, новости, стартапы",Отраслевой агрегатор новостей и аналитики,Website,Россия,Рекомендованный список
7.Общие,СБЕР,https://sber.pro/trend/,"Тренды, новости",Отраслевой агрегатор новостей и аналитики,Website,Россия,Рекомендованный список
7.Общие,Больше чем экономика (новостной канал) ,https://t.me/economylive,Крупный телеграм-канал с новосятм о политике и экономике,Отраслевой агрегатор новостей и аналитики,Telegram,Россия,Рекомендованный список
7.Общие,Frontier,https://t.me/frontier_trends,"Тренды, отчеты, презентации, стратегии, инструменты анализа и фреймворки.",Отраслевой агрегатор новостей и аналитики,Telegram,Глобал,Рекомендованный список
7.Общие,VC,https://vc.ru/,"Крупнейшая в рунете площадка для предпринимателей нового поколения. Новости ИТ-рынка, вакансии рунета, маркетинг, право, реклама, PR, интерфейсы, мобильные приложения.",Отраслевой агрегатор новостей и аналитики,Website,Россия,Рекомендованный список
7.Общие,VC,https://t.me/vcnews,"Бизнес, технологии, идеи, модели роста.",Отраслевой агрегатор новостей и аналитики,Telegram,Россия,Рекомендованный список
7.Общие,RE:source,https://6-sense.pro/resource,"Вся аналитика для бизнеса в одном месте.
Маркетинговые исследования. Кейсы. Опросы.",Отраслевой агрегатор новостей и аналитики,Website,Россия,Рекомендованный список
7.Общие,RE:source,https://t.me/resource6s,Вся аналитика для бизнеса в одном месте.,Отраслевой агрегатор новостей и аналитики,Telegram,Россия,Рекомендованный список
7.Общие,Similarweb,http://www.similarweb.com,"Платформа для анализа трафика, источников и аудитории любого веб-сайта.",Цифровая конкурентная разведка,Website,Глобал,Расширенный список
7.Общие,Semrush,http://www.semrush.com,"Комплексная платформа для SEO, SEM и анализа контент-стратегии конкурентов.",Цифровая конкурентная разведка,Website,Глобал,Расширенный список
7.Общие,Ahrefs,http://ahrefs.com,Инструмент для анализа обратных ссылок и исследования ключевых слов.,Цифровая конкурентная разведка,Website,Глобал,Расширенный список
7.Общие,SpyFu,http://www.spyfu.com,Сервис для отслеживания за ключевыми словами и рекламными объявлениями конкурентов.,Цифровая конкурентная разведка,Website,Глобал,Расширенный список
7.Общие,Google Trends,http://trends.google.com,Бесплатный инструмент для анализа популярности поисковых запросов во времени.,Цифровая конкурентная разведка,Website,Глобал,Расширенный список
7.Общие,Google Keyword Planner,http://ads.google.com/home/tools/keyword-planner/,Бесплатный инструмент для исследования ключевых слов и оценки их частотности.,Цифровая конкурентная разведка,Website,Глобал,Расширенный список
7.Общие,BuiltWith,http://builtwith.com,"Сервис для определения технологий, используемых на веб-сайте.",Цифровая конкурентная разведка,Website,Глобал,Расширенный список
7.Общие,SimilarTech,http://www.similarweb.com/corp/sales-intelligence/,Платформа для отслеживания используемых веб-технологий (часть Similarweb).,Цифровая конкурентная разведка,Website,Глобал,Расширенный список
7.Общие,BuzzSumo,http://buzzsumo.com,Инструмент для поиска наиболее популярного контента и выявления лидеров мнений.,Цифровая конкурентная разведка,Website,Глобал,Расширенный список
7.Общие,Exploding Topics,http://explodingtopics.com,Сервис для выявления быстрорастущих трендов и тем.,Цифровая конкурентная разведка,Website,Глобал,Расширенный список
7.Общие,Owler,https://www.google.com,Платформа для получения оценок выручки и отслеживания новостей конкурентов.,Цифровая конкурентная разведка,Website,Глобал,Расширенный список
7.Общие,Crayon.co,http://www.crayon.co,Платформа для отслеживания действий конкурентов в режиме реального времени.,Цифровая конкурентная разведка,Website,Глобал,Расширенный список
7.Общие,Statcounter GlobalStats,https://gs.statcounter.com/,"Рыночные доли браузеров, ОС, поисковиков.",Цифровые тренды/веб-спрос,Website,Глобал,Расширенный список
7.Общие,KeywordTool.io,https://keywordtool.io/,"Идеи запросов по площадкам (Google, YouTube и др.).",Цифровые тренды/веб-спрос,Website,Глобал,Расширенный список
7.Общие,Cloudflare Radar,https://radar.cloudflare.com/,"Трафик, события сети, домены, бот-активность.",Цифровые тренды/веб-спрос,Website,Глобал,Расширенный список
7.Общие,Akamai State of the Internet,https://www.akamai.com,Отчёты по интернет-угрозам и трафику.,Цифровые тренды/веб-спрос,Website,Глобал,Расширенный список
7.Общие,Yandex Wordstat,https://wordstat.yandex.ru/,Спрос по ключам в РУ-сегменте.,Цифровые тренды/веб-спрос,Website,Россия,Расширенный список
7.Общие,Baidu Index,https://index.baidu.com/,Поисковый спрос в Китае.,Цифровые тренды/веб-спрос,Website,Китай,Расширенный список
7.Общие,AppMagic,https://appmagic.rocks/,"Выручка, установки, инсайты по приложениям.",Мобильные приложения/Stores,Website,Глобал,Расширенный список
7.Общие,data.ai (App Annie),https://www.data.ai/,Глобальная аналитика мобильных рынков.,Мобильные приложения/Stores,Website,Глобал,Расширенный список
7.Общие,Sensor Tower,https://sensortower.com/,"Доходы, ASO, бенчмарки приложений.",Мобильные приложения/Stores,Website,Глобал,Расширенный список
7.Общие,Appfigures,https://appfigures.com/,"Трекинг доходов/рейтингів, аналитика стора.",Мобильные приложения/Stores,Website,Глобал,Расширенный список
7.Общие,42matters,https://42matters.com/,"Метаданные приложений, SDK, категории.",Мобильные приложения/Stores,Website,Глобал,Расширенный список
7.Общие,AppTweak,https://www.apptweak.com/,"ASO-исследования, ключевые слова.",Мобильные приложения/Stores,Website,Глобал,Расширенный список
7.Общие,Mobile Action,https://www.mobileaction.co/,ASO/Ads анализ конкурентов.,Мобильные приложения/Stores,Website,Глобал,Расширенный список
7.Общие,AppFollow,https://appfollow.io/,"Отзывы, рейтинги, мониторинг релизов.",Мобильные приложения/Stores,Website,Глобал,Расширенный список
7.Общие,Crunchbase,https://www.crunchbase.com/,"Профили стартапов, инвестиции, сделки.",Компании/финансы/реестры,Website,Глобал,Расширенный список
7.Общие,PitchBook,https://pitchbook.com/,Венчур/PE/М&A база и аналитика.,Компании/финансы/реестры,Website,Глобал,Расширенный список
7.Общие,Dealroom,https://dealroom.co/,"Экосистемы стартапов, оценки рынков.",Компании/финансы/реестры,Website,Глобал,Расширенный список
7.Общие,SEC EDGAR,https://www.sec.gov/edgar/search/,Отчётность публичных компаний США.,Компании/финансы/реестры,Website,Россия,Расширенный список
7.Общие,OpenCorporates,https://opencorporates.com/,Глобальная база юрлиц из реестров.,Компании/финансы/реестры,Website,Глобал,Расширенный список
7.Общие,Brønnøysund Register Centre,https://www.brreg.no/en/,Реестры компаний Норвегии.,Компании/финансы/реестры,Website,Норвегия,Расширенный список
7.Общие,Euronext Live Markets,https://live.euronext.com/en,Котировки и профили эмитентов Euronext.,Компании/финансы/реестры,Website,ЕС,Расширенный список
7.Общие,Yahoo Finance,https://finance.yahoo.com/,"Котировки, отчёты, мультипликаторы.",Компании/финансы/реестры,Website,Глобал,Расширенный список
7.Общие,Dsight,http://dsight.ru,Аналитическая платформа для технологических рынков России и Евразии.,Компании/финансы/реестры,Website,Россия,Расширенный список
7.Общие,Wellfound (AngelList),https://wellfound.com/,"Стартапы, вакансии, раунды.",Компании/финансы/реестры,Website,Глобал,Расширенный список
7.Общие,G2,https://www.g2.com/,"Рейтинги B2B-софта, отзывы пользователей.",Каталоги софта/техстеки,Website,Глобал,Расширенный список
7.Общие,Capterra,https://www.capterra.com/,Каталог софта с фильтрами по нишам.,Каталоги софта/техстеки,Website,Глобал,Расширенный список
7.Общие,GetApp,https://www.getapp.com/,Обзоры SaaS и альтернативы.,Каталоги софта/техстеки,Website,Глобал,Расширенный список
7.Общие,TrustRadius,https://www.trustradius.com/,Отзывы и сравнения корпоративного ПО.,Каталоги софта/техстеки,Website,Глобал,Расширенный список
7.Общие,Product Hunt,https://www.producthunt.com/,"Запуски продуктов, тренды, отзывы.",Каталоги софта/техстеки,Website,Глобал,Расширенный список
7.Общие,Stackshare,https://stackshare.io/,Техстеки компаний и сравнение инструментов.,Каталоги софта/техстеки,Website,Глобал,Расширенный список
7.Общие,BuiltWith,https://builtwith.com/,"Технологии, используемые сайтами.",Каталоги софта/техстеки,Website,Глобал,Расширенный список
7.Общие,Wappalyzer,https://www.wappalyzer.com/,Распознавание стеков на сайтах.,Каталоги софта/техстеки,Website,Глобал,Расширенный список
7.Общие,AlternativeTo,https://alternativeto.net/,Альтернативы софту по задачам.,Каталоги софта/техстеки,Website,Глобал,Расширенный список
7.Общие,OpenHub,https://www.openhub.net/,Каталог open-source проектов и метрики.,Каталоги софта/техстеки,Website,Глобал,Расширенный список
7.Общие,Gartner Peer Insights,http://www.gartner.com/peer-insights/,Платформа с отзывами реальных пользователей корпоративного ПО и услуг.,Голос клиента и отзывы,Website,Глобал,Расширенный список
7.Общие,Capterra,http://www.capterra.com,Крупный онлайн-маркетплейс с отзывами на программное обеспечение для бизнеса.,Голос клиента и отзывы,Website,Глобал,Расширенный список
7.Общие,G2,http://www.g2.com,Платформа для peer-to-peer обзоров бизнес-решений.,Голос клиента и отзывы,Website,Глобал,Расширенный список
7.Общие,IRecommend.ru,http://irecommend.ru,Сайт-отзовик на потребительские товары и услуги.,Голос клиента и отзывы,Website,Глобал,Расширенный список
7.Общие,Отзовик,http://otzovik.com,Сайт-отзовик на потребительские товары и услуги.,Голос клиента и отзывы,Website,Глобал,Расширенный список
7.Общие,Brandwatch,http://www.brandwatch.com,"Платформа для анализа потребительского мнения в социальных сетях, блогах и на форумах.",Голос клиента и отзывы,Website,Глобал,Расширенный список
7.Общие,Brand24,http://brand24.com,Инструмент для мониторинга упоминаний бренда в реальном времени.,Голос клиента и отзывы,Website,Глобал,Расширенный список
7.Общие,Sprout Social,http://sproutsocial.com,Платформа для управления социальными сетями с аналитическими и слушающими модулями.,Голос клиента и отзывы,Website,Глобал,Расширенный список
7.Общие,Hootsuite,http://www.hootsuite.com,Платформа для управления социальными сетями с аналитическими модулями.,Голос клиента и отзывы,Website,Глобал,Расширенный список
7.Общие,Socialbakers (Emplifi),http://emplifi.io,Платформа для управления социальными сетями с аналитическими модулями.,Голос клиента и отзывы,Website,Глобал,Расширенный список
7.Общие,Meltwater,http://www.meltwater.com,Комплексное решение для мониторинга СМИ и социальных сетей.,Голос клиента и отзывы,Website,Глобал,Расширенный список
7.Общие,AnswerThePublic,http://answerthepublic.com,Инструмент для визуализации поисковых запросов и вопросов пользователей в Google.,Голос клиента и отзывы,Website,Глобал,Расширенный список
7.Общие,SSRN,https://www.ssrn.com/,"Препринты по экономике, менеджменту.",Академические и патентные исследования,Website,Глобал,Расширенный список
7.Общие,NBER,https://www.nber.org/,Исследования по экономике и рынкам.,Академические и патентные исследования,Website,Глобал,Расширенный список
7.Общие,arXiv,https://arxiv.org/,Препринты по CS/AI/математике.,Академические и патентные исследования,Website,Глобал,Расширенный список
7.Общие,Pew Research Center,https://www.pewresearch.org/,"Опросы, соцтренды, поведение пользователей.",Академические и патентные исследования,Website,Глобал,Расширенный список
7.Общие,Ipsos Global Trends,https://www.ipsos.com/en/global-trends,Глобальные тренды и потребительские инсайты.,Академические и патентные исследования,Website,Глобал,Расширенный список
7.Общие,YouGov,https://today.yougov.com/data,Исследования общественного мнения и брэндов.,Академические и патентные исследования,Website,Глобал,Расширенный список
7.Общие,Gallup World Poll,https://www.gallup.com,"Мировые опросы, благополучие, работа.",Академические и патентные исследования,Website,Глобал,Расширенный список
7.Общие,Statista,https://www.statista.com/,Агрегатор статистики по рынкам (freemium).,Академические и патентные исследования,Website,Глобал,Расширенный список
7.Общие,Google Scholar,http://scholar.google.com,"Поисковая система по научной литературе: статьи, диссертации, книги.",Академические и патентные исследования,Website,Глобал,Расширенный список
7.Общие,BASE,http://www.base-search.net,Поисковая система по академическим ресурсам в открытом доступе.,Академические и патентные исследования,Website,Глобал,Расширенный список
7.Общие,Dimensions,http://www.dimensions.ai,"Исследовательская база данных, связывающая публикации, гранты, патенты и клинические испытания.",Академические и патентные исследования,Website,Глобал,Расширенный список
7.Общие,ResearchGate,http://www.researchgate.net,Социальная сеть для ученых и исследователей для обмена статьями.,Академические и патентные исследования,Website,Глобал,Расширенный список
7.Общие,Scilit,http://www.scilit.net,Комплексный агрегатор научных публикаций от издательства MDPI.,Академические и патентные исследования,Website,Глобал,Расширенный список
7.Общие,Google Patents,http://patents.google.com,Поисковая система по миллионам патентов и заявок со всего мира.,Академические и патентные исследования,Website,Глобал,Расширенный список
7.Общие,PATENTSCOPE (WIPO),http://www.wipo.int/patentscope,"Глобальная база данных ВОИС, обеспечивающая доступ к международным патентным заявкам.",Академические и патентные исследования,Website,Глобал,Расширенный список
7.Общие,Espacenet,http://worldwide.espacenet.com,Бесплатный инструмент поиска патентов от Европейского патентного ведомства (EPO).,Академические и патентные исследования,Website,Глобал,Расширенный список
7.Общие,Информационно-поисковая система ФИПС,http://fips.ru,"Поиск по российским патентам на изобретения, полезные модели и другим объектам интеллектуальной собственности.",Академические и патентные исследования,Website,Глобал,Расширенный список
7.Общие,Meta Ad Library,https://www.facebook.com/ads/library/,Поиск креативов и политической рекламы Meta.,Рекламные библиотеки/креативы,Website,Глобал,Расширенный список
7.Общие,TikTok Creative Center,https://www.tiktok.com/business/creativecenter/,"Тренды, топ-креативы и аудио.",Рекламные библиотеки/креативы,Website,Глобал,Расширенный список
7.Общие,Google Ads Transparency Center,https://adstransparency.google.com/,Объявления в Google,Рекламные библиотеки/креативы,Website,Глобал,Расширенный список
7.Общие,X Ads Transparency,https://transparency.twitter.com/,Публичные отчёты и политика рекламы X/Twitter.,Рекламные библиотеки/креативы,Website,Глобал,Расширенный список
7.Общие,Snap Political Ads Library,https://publicfiles.snap.com/,Библиотека политрекламы Snapchat.,Рекламные библиотеки/креативы,Website,Глобал,Расширенный список
7.Общие,Moat Creative Gallery,https://moat.com/creative,Примеры дисплей-креативов и брендов.,Рекламные библиотеки/креативы,Website,Глобал,Расширенный список
7.Общие,Priceva,http://priceva.com,Сервис для мониторинга цен конкурентов и автоматизации ценообразования.,Инструменты для анализа цен,Website,Глобал,Расширенный список
7.Общие,Competera,http://competera.net,"AI-платформа для ценообразования, основанного на спросе, для ритейлеров.",Инструменты для анализа цен,Website,Глобал,Расширенный список
7.Общие,Price2Spy,http://www.price2spy.com,Инструмент для мониторинга и сравнения цен конкурентов для e-commerce.,Инструменты для анализа цен,Website,Глобал,Расширенный список
7.Общие,Prisync,http://prisync.com,Программное обеспечение для отслеживания цен конкурентов для компаний электронной коммерции всех размеров.,Инструменты для анализа цен,Website,Глобал,Расширенный список
7.Общие,Metacommerce,http://metacommerce.ru,"SaaS-сервис для мониторинга ассортимента, цен и анализа конкурентов в онлайн и офлайн ритейле.",Инструменты для анализа цен,Website,Глобал,Расширенный список
7.Общие,Gartner,http://www.gartner.com,"Ведущая мировая исследовательская компания, известная инструментами Magic Quadrant и Hype Cycle.",Рыночные исследования и отчеты,Website,Глобал,Расширенный список
7.Общие,Forrester,http://www.forrester.com,"Влиятельная аналитическая фирма, известная инструментом The Forrester Wave™.",Рыночные исследования и отчеты,Website,Глобал,Расширенный список
7.Общие,IDC,http://www.idc.com,"Специализируется на данных о размерах рынка, прогнозах и долях поставщиков в IT.",Рыночные исследования и отчеты,Website,Глобал,Расширенный список
7.Общие,MarketResearch.com,http://www.marketresearch.com,Агрегатор отчетов от сотен исследовательских компаний.,Рыночные исследования и отчеты,Website,Глобал,Расширенный список
7.Общие,Statista,http://www.statista.com,"Онлайн-платформа для сбора, визуализации и предоставления статистических данных.",Рыночные исследования и отчеты,Website,Глобал,Расширенный список
7.Общие,CB Insights,http://www.cbinsights.com,"Платформа для анализа данных о технологиях, стартапах и венчурном капитале.",Рыночные исследования и отчеты,Website,Глобал,Расширенный список
7.Общие,Nielsen,http://www.nielsen.com,"Аналитика потребительского поведения, ритейла и медиа.",Рыночные исследования и отчеты,Website,Глобал,Расширенный список
7.Общие,Ipsos,http://www.ipsos.com,"Глобальная исследовательская компания, специализирующаяся на изучении потребительского поведения и общества.",Рыночные исследования и отчеты,Website,Глобал,Расширенный список
7.Общие,Потребительское поведение; факты и тренды,https://t.me/c_behavior,Аналитический канал Дмитрия Фролова о потребительских и маркетинговых трендах.,Рыночные исследования и отчеты,Telegram,Россия,Расширенный список
7.Общие,Globalook: анализ зарубежных рынков,https://t.me/globalook,"Канал об исследованиях международных рынков: полезные ссылки, инструменты, кейсы и новости. С любовью к картам и визуализации данных.",Рыночные исследования и отчеты,Telegram,Глобал,Расширенный список
7.Общие,Nielsen Norman Group (NN/g),https://www.nngroup.com/,"Исследования и best practices UX, регулярные обзоры трендов и методов.",Дизайн/UX тренды (издания и дайджесты),Website,Глобал,Расширенный список
7.Общие,Smashing Magazine,https://www.smashingmagazine.com/,"Глубокие статьи и практики по фронтенду, UX и доступности.",Дизайн/UX тренды (издания и дайджесты),Website,Глобал,Расширенный список
7.Общие,UX Collective (uxdesign.cc),https://uxdesign.cc/,"Крупнейшая публикация про UX на Medium: тренды, процессы, кейсы.",Дизайн/UX тренды (издания и дайджесты),Website,Глобал,Расширенный список
7.Общие,Sidebar,https://sidebar.io/,Ежедневная рассылка «5 дизайн-ссылок в день»: свежие тренды и чтение.,Дизайн/UX тренды (издания и дайджесты),Website,Глобал,Расширенный список
7.Общие,Web Designer News,https://www.webdesignernews.com/,"Агрегатор новостей по веб-дизайну/UX, ежедневные подборки.",Дизайн/UX тренды (издания и дайджесты),Website,Глобал,Расширенный список
7.Общие,designboom,https://www.designboom.com/,Медиа о дизайне и визуальной культуре; вдохновение и тренды.,Дизайн/UX тренды (издания и дайджесты),Website,Глобал,Расширенный список
7.Общие,AIGA Eye on Design,https://eyeondesign.aiga.org/,"Публикации AIGA на стыке графдиза, брендинга и цифровых трендов.",Дизайн/UX тренды (издания и дайджесты),Website,Глобал,Расширенный список
7.Общие,Today in Design,https://www.todayin.design/,"Дайджест новостей для дизайнеров: события, ресурсы, тренды.",Дизайн/UX тренды (издания и дайджесты),Website,Глобал,Расширенный список
7.Общие,Awwwards,https://www.awwwards.com/,"Витрина лучших сайтов мира, срез визуальных веб-трендов.",Галереи/шоукейсы (веб),Website,Глобал,Расширенный список
7.Общие,Webflow Showcase,https://webflow.com/made-in-webflow/showcase,Тысячи #MadeInWebflow проектов; удобно фильтровать по анимациям/нишам.,Галереи/шоукейсы (веб),Website,Глобал,Расширенный список
7.Общие,Framer Gallery,https://www.framer.com/gallery/,Галерея сайтов на Framer; свежие паттерны анимаций и верстки.,Галереи/шоукейсы (веб),Website,Глобал,Расширенный список
7.Общие,Land-book,https://land-book.com/,"Курированная галерея веб-сайтов, часто — современные лендинги.",Галереи/шоукейсы (веб),Website,Глобал,Расширенный список
7.Общие,Lapa Ninja,https://www.lapa.ninja/,>7k лендингов с 2015 года; быстрый срез по CTA/героям/секциям.,Галереи/шоукейсы (веб),Website,Глобал,Расширенный список
7.Общие,One Page Love,https://onepagelove.com/,Одностраничные сайты: тренды в структуре и копирайте.,Галереи/шоукейсы (веб),Website,Глобал,Расширенный список
7.Общие,Dribbble (Popular/Trending),https://dribbble.com/shots/popular,"Визуальные тренды UI/иллюстраций, быстрый «термометр» стилистики.",Галереи/шоукейсы (веб),Website,Глобал,Расширенный список
7.Общие,Behance (Interaction),https://www.behance.net/,Кураторские подборки по Interaction/UX; тренды по интерактиву.,Галереи/шоукейсы (веб),Website,Глобал,Расширенный список
7.Общие,Mobbin,https://mobbin.com/,"Огромная база реальных экранов и флоу iOS/Android/Web, обновляется еженедельно.",Паттерны/флоу/мобильные,Website,Глобал,Расширенный список
7.Общие,Page Flows,https://pageflows.com/,"Видеофлоу и скриншоты ключевых сценариев (онбординг, чек-аут и др.).",Паттерны/флоу/мобильные,Website,Глобал,Расширенный список
7.Общие,UI Sources,https://uisources.com/,">800 видео-интеракций и >2,400 скриншотов, разложенных по паттернам.",Паттерны/флоу/мобильные,Website,Глобал,Расширенный список
7.Общие,GoodUX (Appcues),https://goodux.appcues.com/,"Библиотека «Really Good UX»: примеры онбординга, туров, empty states.",Паттерны/флоу/мобильные,Website,Глобал,Расширенный список
7.Общие,Pttrns,https://www.pttrns.com/,"Каталог мобильных UI-паттернов, ориентир по iOS/Android.",Паттерны/флоу/мобильные,Website,Глобал,Расширенный список
7.Общие,UI-Patterns.com,https://ui-patterns.com/,Справочник повторяющихся UI-решений и поведенческих «карточек».,Паттерны/флоу/мобильные,Website,Глобал,Расширенный список
7.Общие,Collect UI,https://collectui.com/,Ежедневно курируемые UI-работы по компонентам/темам.,Паттерны/флоу/мобильные,Website,Глобал,Расширенный список
7.Общие,patterns.dev,https://www.patterns.dev/,Современные паттерны компонент/рендеринга/перфоманса для веб-приложений.,Паттерны/флоу/мобильные,Website,Глобал,Расширенный список
7.Общие,web.dev/patterns,https://web.dev/patterns,Паттерны интерфейсов и layout’ов на современных CSS-API.,Паттерны/флоу/мобильные,Website,Глобал,Расширенный список
7.Общие,Really Good Emails,https://reallygoodemails.com/,"Тренды e-mail UX/UI: >12k писем, категории, «популярное сейчас».",Паттерны/флоу/мобильные,Website,Глобал,Расширенный список
7.Общие,The World Bank Data,http://data.worldbank.org,"Глобальные данные о развитии, включая демографию, экономические показатели и отраслевую статистику.",Макроэкономические и демографические данные,Website,Глобал,Расширенный список
7.Общие,IMF Data,http://data.imf.org,"Данные по макроэкономике и финансовым рынкам: кредитование, обменные курсы, государственные финансы.",Макроэкономические и демографические данные,Website,Глобал,Расширенный список
7.Общие,UNdata,http://data.un.org,"Агрегированная статистика от агентств ООН по демографии, промышленности и социальным показателям.",Макроэкономические и демографические данные,Website,Глобал,Расширенный список
7.Общие,OECD Data,http://data.oecd.org,Подробные данные и аналитика по развитым странам-членам ОЭСР.,Макроэкономические и демографические данные,Website,СНГ,Расширенный список
7.Общие,U.S. Census Bureau,http://data.census.gov,Основной источник демографических и экономических данных по США.,Макроэкономические и демографические данные,Website,США,Расширенный список
7.Общие,Data.gov,http://www.data.gov,Центральное хранилище открытых данных правительства США.,Макроэкономические и демографические данные,Website,США,Расширенный список
7.Общие,Census Business Builder,http://www.census.gov/data/data-tools/cbb.html,Инструмент для анализа потребительских расходов и бизнес-статистики на географическом уровне в США.,Макроэкономические и демографические данные,Website,США,Расширенный список
7.Общие,Bureau of Labor Statistics (BLS),http://www.bls.gov,"Данные по занятости, инфляции (CPI) и уровню заработной платы в США.",Макроэкономические и демографические данные,Website,США,Расширенный список
7.Общие,Bureau of Economic Analysis (BEA),http://www.bea.gov,"Официальный источник макроэкономической и отраслевой статистики США, включая ВВП.",Макроэкономические и демографические данные,Website,США,Расширенный список
7.Общие,Federal Reserve Economic Data (FRED),http://fred.stlouisfed.org,Агрегатор экономических временных рядов из американских и международных источников.,Макроэкономические и демографические данные,Website,США,Расширенный список
7.Общие,Data.gov.uk,http://www.data.gov.uk,Центральный портал открытых правительственных данных Великобритании.,Макроэкономические и демографические данные,Website,Великобритания,Расширенный список
7.Общие,UNICEF DATA,http://data.unicef.org,Глобальная база данных о положении детей и женщин.,Макроэкономические и демографические данные,Website,Глобал,Расширенный список
7.Общие,Pew Research Center,http://www.pewresearch.org,"Данные по социальным вопросам, общественному мнению и демографическим трендам в США и мире.",Макроэкономические и демографические данные,Website,Глобал,Расширенный список
7.Общие,UN Comtrade,https://comtrade.un.org/,Мировая торговая статистика по товарам и странам.,Макроэкономические и демографические данные,Website,Глобал,Расширенный список
7.Общие,OECD Data,https://data.oecd.org/,"Показатели развитых экономик: образование, налоги, рынки.",Макроэкономические и демографические данные,Website,ЕС,Расширенный список
7.Общие,Eurostat,https://ec.europa.eu/eurostat,"Статистика ЕС: население, цены, отрасли.",Макроэкономические и демографические данные,Website,ЕС,Расширенный список
7.Общие,WTO Statistics,https://stats.wto.org/,"Торговля товарами/услугами, тарифы, меры.",Макроэкономические и демографические данные,Website,Глобал,Расширенный список
7.Общие,ITU Statistics,https://www.itu.int/en/ITU-D/Statistics/,"Цифровая/телеком-статистика: доступ, скорость, цены.",Макроэкономические и демографические данные,Website,Глобал,Расширенный список
7.Общие,UN Population Division,https://population.un.org/dataportal/,"Население и прогнозы, возрастная структура.",Макроэкономические и демографические данные,Website,Глобал,Расширенный список
7.Общие,UN SDG Database,https://unstats.un.org/sdgs/dataportal/database,Индикаторы ЦУР по странам.,Макроэкономические и демографические данные,Website,Глобал,Расширенный список
7.Общие,WHO GHO,https://www.who.int/data/gho,Глобальные показатели здравоохранения.,Макроэкономические и демографические данные,Website,Глобал,Расширенный список
7.Общие,FAOSTAT,https://www.fao.org/faostat/,"Сельхозрынки, продовольствие, цены.",Макроэкономические и демографические данные,Website,Глобал,Расширенный список
7.Общие,IEA Data,https://www.iea.org/data-and-statistics,"Энергетика: спрос, генерация, цены.",Макроэкономические и демографические данные,Website,Глобал,Расширенный список
7.Общие,ILOSTAT,https://ilostat.ilo.org/,"Рынок труда: занятость, зарплаты, профессии.",Макроэкономические и демографические данные,Website,Глобал,Расширенный список
7.Общие,U.S. Census,https://www.census.gov/data.html,Демография и бизнес-статистика США.,Макроэкономические и демографические данные,Website,США,Расширенный список
7.Общие,BEA,https://www.bea.gov/data,"ВВП США, отрасли, доходы.",Макроэкономические и демографические данные,Website,США,Расширенный список
7.Общие,BLS,https://www.bls.gov/data/,"Занятость, зарплаты, инфляция США.",Макроэкономические и демографические данные,Website,США,Расширенный список
7.Общие,Бюро национальной статистики (Казахстан),https://stat.gov.kz/,"Госстатистика РК: нацсчета, отрасли, регионы; англ. версия доступна.",Нацстатслужба,Website,Казахстан,Расширенный список
7.Общие,Росстат (Россия),https://rosstat.gov.ru/,"Официальная служба статистики РФ: макро, демография, цены, отрасли, публикации.",Нацстатслужба,Website,Россия,Расширенный список
7.Общие,Belstat Нацстаткомитет (Беларусь),https://www.belstat.gov.by/,"Официальная статистика РБ: базы данных, бюллетени, календарь публикаций.",Нацстатслужба,Website,Беларусь,Расширенный список
7.Общие,Нацстатком Кыргызстана,https://www.stat.gov.kg/,"Портал статистики КР: основные индикаторы, открытые данные.",Нацстатслужба,Website,Киргизия,Расширенный список
7.Общие,Агентство по статистике при Президенте РТ (Таджикистан),https://www.stat.tj/,"Официальные отчёты, ежемесячные обзоры соц-экон. ситуации.",Нацстатслужба,Website,Таджикистан,Расширенный список
7.Общие,Комитет (Агентство) по статистике Узбекистана,https://stat.uz/,Официальная статистика РУз; действует обновлённый портал/кабинеты hisobot.gov.uz.,Нацстатслужба,Website,Узбекистан,Расширенный список
7.Общие,Статкомитет Армении,https://armstat.am/,"Официальные разделы по нацсчетам, ценам, демографии; годовые сборники.",Нацстатслужба,Website,Армения,Расширенный список
7.Общие,Госкомстат Азербайджана,https://www.stat.gov.az/,"Официальная статистика Азербайджана; карты, сборники, бюллетени.",Нацстатслужба,Website,Азербайджан,Расширенный список
7.Общие,Нацбюро статистики Молдовы,https://statistica.gov.md/,Официальные данные и годовые сборники; релиз-календарь.,Нацстатслужба,Website,Молдова,Расширенный список
7.Общие,Держстат 02,https://www.ukrstat.gov.ua/,Официальный сайт службы статистики; новый портал (бета): https://stat.gov.ua/.,Нацстатслужба,Website,Украина,Расширенный список
7.Общие,Госкомстат Туркменистана,https://www.stat.gov.tm/,"Официальная статистика Туркменистана; публикации, формы отчётности.",Нацстатслужба,Website,Туркменистан,Расширенный список
7.Общие,Справочник CISSTAT: службы стран СНГ,https://new.cisstat.org/web/eng,Сводные ссылки и сравнимые показатели по странам СНГ.,Нацстатслужба,Website,СНГ,Расширенный список
7.Общие,McKinsey,https://www.mckinsey.com/,Отчеты по отраслям от стратегического консалтинга,Консалтинговые отчеты,Website,Глобал,Расширенный список
7.Общие,Bain,https://www.bain.com/,Отчеты по отраслям от стратегического консалтинга,Консалтинговые отчеты,Website,Глобал,Расширенный список
7.Общие,BCG,https://www.bcg.com/,Отчеты по отраслям от стратегического консалтинга,Консалтинговые отчеты,Website,Глобал,Расширенный список
7.Общие,Deloitte,https://www.deloitte.com/global/en.html,Отчеты по отраслям от большой четверки консалтинга,Консалтинговые отчеты,Website,Глобал,Расширенный список
7.Общие,PWC,https://www.pwc.com/gx/en.html,Отчеты по отраслям от большой четверки консалтинга,Консалтинговые отчеты,Website,Глобал,Расширенный список
7.Общие,EY,https://www.ey.com/en_gl,Отчеты по отраслям от большой четверки консалтинга,Консалтинговые отчеты,Website,Глобал,Расширенный список
7.Общие,KPMG,https://kpmg.com/xx/en.html,Отчеты по отраслям от большой четверки консалтинга,Консалтинговые отчеты,Website,Глобал,Расширенный список
7.Общие,Metroverse,https://metroverse.hks.harvard.edu/,Какова структура экономики моего города? Как мой город соотносится с городами по всему миру? Какие города больше всего похожи на мой? Какие технологические возможности лежат в основе нынешней экономики моего города? Какие пути роста и диверсификации это открывает в будущем?,Макроэкономические и демографические данные,Website,Глобал,Расширенный список
7.Общие,The Atlas of Economic Complexity,https://atlas.hks.harvard.edu/countries/643/paths,"Исследовать глобальные торговые потоки на рынках, отслеживать их динамику и открывать новые возможности для роста для каждой страны.",Макроэкономические и демографические данные,Website,Глобал,Расширенный список
7.Общие,Economist,economist.kg,"Новостное/аналитическое онлайн-издание: лента новостей, аналитические материалы, интервью, «мнение», «новости компаний».
Фокус: финансово-экономические события в Кыргызстане",Отраслевой агрегатор новостей и аналитики,Website,Киргизия,Расширенный список
1.Маркетинг и реклама,Узбекский Ритейл,https://t.me/uzbekretail,URetail — бизнес ресурс о ритейле и розничных сетях Узбекистана,Отраслевой агрегатор новостей и аналитики,Telegram,Узбекистан,Рекомендованный список